{"cameraMode":{"drawMode":0,"name":"Shaded","section":"Shading Mode"},"sceneLighting":true,"audioPlay":false,"sceneViewState":{"showFog":true,"showMaterialUpdate":false,"showSkybox":true,"showFlares":true,"showImageEffects":true,"showParticleSystems":true},"in2DMode":false,"pivot":{"x":0.9096674919128418,"y":-3.9687938690185549,"z":-0.28527259826660159},"rotation":{"x":-0.39878416061401369,"y":-0.12509965896606446,"z":0.05501377955079079,"w":-0.9068151712417603},"size":27.70343780517578,"orthographic":false}